Workbook
Name FINALGRADES: 'LOOKUP TABLES'!$H$2:$K$13
Name TARGETPOINTS: 'LOOKUP TABLES'!$J$2:$K$13
Name UNITGRADES: 'LOOKUP TABLES'!$E$2:$F$7
Name UNITS: 'LOOKUP TABLES'!$A$2:$C$24
Name Z_3E792FF6_49C6_4C78_A74A_F1A3DC3CC893_.wvu.FilterData: 'BTEC PROGRESS MONITORING'!$A$3:$G$4
Name Z_3E792FF6_49C6_4C78_A74A_F1A3DC3CC893_.wvu.PrintArea: 'BTEC PROGRESS MONITORING'!$A$1:$G$103

Sheet BTEC PROGRESS MONITORING
H1: 1 | J1: 2 | L1: 29 | N1: 6 | P1: 14 | R1: 22 | T1: 40 | V1: 18 | X1: 21 | AB1: 3 | AD1: 30 | AF1: 8 | AH1: 31 | AJ1: 42 | AL1: 20 | AN1: 28 | AP1: 23 | AR1: 42
H2: =VLOOKUP(H1,UNITS,3,FALSE) -> CESIT | J2: =VLOOKUP(J1,UNITS,3,FALSE) -> CS | L2: =VLOOKUP(L1,UNITS,3,FALSE) -> IUS | N2: =VLOOKUP(N1,UNITS,3,FALSE) -> SDD | P2: =VLOOKUP(P1,UNITS,3,FALSE) -> EDP | R2: =VLOOKUP(R1,UNITS,3,FALSE) -> DCG | T2: =VLOOKUP(T1,UNITS,3,FALSE) -> CGD | V2: =VLOOKUP(V1,UNITS,3,FALSE) -> DBD | X2: =VLOOKUP(X1,UNITS,3,FALSE) -> DAD | AB2: =VLOOKUP(AB1,UNITS,3,FALSE) -> IS | AD2: =VLOOKUP(AD1,UNITS,3,FALSE) -> GR | AF2: =VLOOKUP(AF1,UNITS,3,FALSE) -> eCOM | AH2: =VLOOKUP(AH1,UNITS,3,FALSE) -> ANI | AJ2: =VLOOKUP(AJ1,UNITS,3,FALSE) -> SSM | AL2: =VLOOKUP(AL1,UNITS,3,FALSE) -> CSC | AN2: =VLOOKUP(AN1,UNITS,3,FALSE) -> WSP | AP2: =VLOOKUP(AP1,UNITS,3,FALSE) -> HCI | AR2: =VLOOKUP(AR1,UNITS,3,FALSE) -> SSM
A3: GROUP | B3: Student Ref | C3: Surname | D3: Forenames | E3: Gender | F3: Student DOB | G3: TARGET GRADE | H3: Grade | I3: Points | J3: Grade | K3: Points | L3: Grade | M3: Points | N3: Grade | O3: Points | P3: Grade | Q3: Points | R3: Grade | S3: Points | T3: Grade | U3: Points | V3: Grade | W3: Points | X3: Grade | Y3: Points | Z3: Year 1 Total | AA3: Predicted Grade | AB3: Grade | AC3: Points | AD3: Grade | AE3: Points | AF3: Grade | AG3: Points | AH3: Grade | AI3: Points | AJ3: Grade | AK3: Points | AL3: Grade | AM3: Points | AN3: Grade | AO3: Points | AP3: Grade | AQ3: Points | AR3: Grade | AS3: Points | AT3: Passes | AU3: Merits | AV3: Dist. | AW3: Overall | AX3: Final Grade | AY3: UCAS Points | AZ3: Target UCAS | BA3: Achieved Target UCAS
A4: 2 | B4: 8491053 | C4: Rooney | D4: Zoey | E4: F | F4: 33279 | G4: MPP | H4: P | I4: =IF(ISBLANK(H4),0,VLOOKUP(H4,UNITGRADES,2,FALSE)) -> 70 | J4: M | K4: =IF(ISBLANK(J4),0,VLOOKUP(J4,UNITGRADES,2,FALSE)) -> 80 | L4: M | M4: =IF(ISBLANK(L4),0,VLOOKUP(L4,UNITGRADES,2,FALSE)) -> 80 | N4: P | O4: =IF(ISBLANK(N4),0,VLOOKUP(N4,UNITGRADES,2,FALSE)) -> 70 | P4: P | Q4: =IF(ISBLANK(P4),0,VLOOKUP(P4,UNITGRADES,2,FALSE)) -> 70 | R4: P | S4: =IF(ISBLANK(R4),0,VLOOKUP(R4,UNITGRADES,2,FALSE)) -> 70 | T4: M | U4: =IF(ISBLANK(T4),0,VLOOKUP(T4,UNITGRADES,2,FALSE)) -> 80 | V4: P | W4: =IF(ISBLANK(H4),0,VLOOKUP(H4,UNITGRADES,2,FALSE)) -> 70 | X4: M | Y4: =IF(ISBLANK(X4),0,VLOOKUP(X4,UNITGRADES,2,FALSE)) -> 80 | Z4: =SUM(H4:Y4) -> 670 | AA4: =VLOOKUP(Z4*2,FINALGRADES,3,TRUE) -> MMP | AB4: M | AC4: =IF(ISBLANK(AB4),0,VLOOKUP(AB4,UNITGRADES,2,FALSE)) -> 80 | AD4: M | AE4: =IF(ISBLANK(AD4),0,VLOOKUP(AD4,UNITGRADES,2,FALSE)) -> 80 | AF4: D | AG4: =IF(ISBLANK(AF4),0,VLOOKUP(AF4,UNITGRADES,2,FALSE)) -> 90 | AH4: M | AI4: =IF(ISBLANK(AH4),0,VLOOKUP(AH4,UNITGRADES,2,FALSE)) -> 80 | AJ4: D | AK4: =IF(ISBLANK(AJ4),0,VLOOKUP(AJ4,UNITGRADES,2,FALSE)) -> 90 | AL4: P | AM4: =IF(ISBLANK(AL4),0,VLOOKUP(AL4,UNITGRADES,2,FALSE)) -> 70 | AN4: P | AO4: =IF(ISBLANK(AN4),0,VLOOKUP(AN4,UNITGRADES,2,FALSE)) -> 70 | AP4: P | AQ4: =IF(ISBLANK(AP4),0,VLOOKUP(AP4,UNITGRADES,2,FALSE)) -> 70 | AR4: M | AS4: =IF(ISBLANK(AR4),0,VLOOKUP(AR4,UNITGRADES,2,FALSE)) -> 80 | AT4: =COUNTIF(H4:AR4,"p") -> 8 | AU4: =COUNTIF(H4:AR4,"m") -> 8 | AV4: =COUNTIF(H4:AR4,"d") -> 2 | AW4: =Z4+SUM(AB4:AR4) -> 1300 | AX4: =VLOOKUP(AW4,FINALGRADES,3,TRUE) -> MPP | AY4: =VLOOKUP(AW4,FINALGRADES,4,TRUE) -> 160 | AZ4: =VLOOKUP(G4,TARGETPOINTS,2,FALSE) -> 160 | BA4: =IF(AY4>AZ4,"Over",IF(AY4<AZ4,"Under","Same")) -> Same | BC4: Q
A5: 3 | B5: 9433544 | C5: Coyle | D5: Janae | E5: F | F5: 32990 | G5: DDD | H5: P | I5: =IF(ISBLANK(H5),0,VLOOKUP(H5,UNITGRADES,2,FALSE)) -> 70 | J5: P | K5: =IF(ISBLANK(J5),0,VLOOKUP(J5,UNITGRADES,2,FALSE)) -> 70 | L5: M | M5: =IF(ISBLANK(L5),0,VLOOKUP(L5,UNITGRADES,2,FALSE)) -> 80 | N5: P | O5: =IF(ISBLANK(N5),0,VLOOKUP(N5,UNITGRADES,2,FALSE)) -> 70 | P5: M | Q5: =IF(ISBLANK(P5),0,VLOOKUP(P5,UNITGRADES,2,FALSE)) -> 80 | R5: M | S5: =IF(ISBLANK(R5),0,VLOOKUP(R5,UNITGRADES,2,FALSE)) -> 80 | T5: M | U5: =IF(ISBLANK(T5),0,VLOOKUP(T5,UNITGRADES,2,FALSE)) -> 80 | V5: D | W5: =IF(ISBLANK(H5),0,VLOOKUP(H5,UNITGRADES,2,FALSE)) -> 70 | X5: P | Y5: =IF(ISBLANK(X5),0,VLOOKUP(X5,UNITGRADES,2,FALSE)) -> 70 | Z5: =SUM(H5:Y5) -> 670 | AA5: =VLOOKUP(Z5*2,FINALGRADES,3,TRUE) -> MMP | AB5: D | AC5: =IF(ISBLANK(AB5),0,VLOOKUP(AB5,UNITGRADES,2,FALSE)) -> 90 | AD5: P | AE5: =IF(ISBLANK(AD5),0,VLOOKUP(AD5,UNITGRADES,2,FALSE)) -> 70 | AF5: D | AG5: =IF(ISBLANK(AF5),0,VLOOKUP(AF5,UNITGRADES,2,FALSE)) -> 90 | AH5: P | AI5: =IF(ISBLANK(AH5),0,VLOOKUP(AH5,UNITGRADES,2,FALSE)) -> 70 | AJ5: P | AK5: =IF(ISBLANK(AJ5),0,VLOOKUP(AJ5,UNITGRADES,2,FALSE)) -> 70 | AL5: P | AM5: =IF(ISBLANK(AL5),0,VLOOKUP(AL5,UNITGRADES,2,FALSE)) -> 70 | AN5: D | AO5: =IF(ISBLANK(AN5),0,VLOOKUP(AN5,UNITGRADES,2,FALSE)) -> 90 | AP5: M | AQ5: =IF(ISBLANK(AP5),0,VLOOKUP(AP5,UNITGRADES,2,FALSE)) -> 80 | AR5: D | AS5: =IF(ISBLANK(AR5),0,VLOOKUP(AR5,UNITGRADES,2,FALSE)) -> 90 | AT5: =COUNTIF(H5:AR5,"p") -> 8 | AU5: =COUNTIF(H5:AR5,"m") -> 5 | AV5: =COUNTIF(H5:AR5,"d") -> 5 | AW5: =Z5+SUM(AB5:AR5) -> 1300 | AX5: =VLOOKUP(AW5,FINALGRADES,3,TRUE) -> MPP | AY5: =VLOOKUP(AW5,FINALGRADES,4,TRUE) -> 160 | AZ5: =VLOOKUP(G5,TARGETPOINTS,2,FALSE) -> 360 | BA5: =IF(AY5>AZ5,"Over",IF(AY5<AZ5,"Under","Same")) -> Under
A6: 1 | B6: 5516713 | C6: Cunningham | D6: Sky | E6: F | F6: 33861 | G6: MMM | H6: M | I6: =IF(ISBLANK(H6),0,VLOOKUP(H6,UNITGRADES,2,FALSE)) -> 80 | J6: P | K6: =IF(ISBLANK(J6),0,VLOOKUP(J6,UNITGRADES,2,FALSE)) -> 70 | L6: P | M6: =IF(ISBLANK(L6),0,VLOOKUP(L6,UNITGRADES,2,FALSE)) -> 70 | N6: D | O6: =IF(ISBLANK(N6),0,VLOOKUP(N6,UNITGRADES,2,FALSE)) -> 90 | P6: D | Q6: =IF(ISBLANK(P6),0,VLOOKUP(P6,UNITGRADES,2,FALSE)) -> 90 | R6: P | S6: =IF(ISBLANK(R6),0,VLOOKUP(R6,UNITGRADES,2,FALSE)) -> 70 | T6: P | U6: =IF(ISBLANK(T6),0,VLOOKUP(T6,UNITGRADES,2,FALSE)) -> 70 | V6: D | W6: =IF(ISBLANK(H6),0,VLOOKUP(H6,UNITGRADES,2,FALSE)) -> 80 | X6: P | Y6: =IF(ISBLANK(X6),0,VLOOKUP(X6,UNITGRADES,2,FALSE)) -> 70 | Z6: =SUM(H6:Y6) -> 690 | AA6: =VLOOKUP(Z6*2,FINALGRADES,3,TRUE) -> MMM | AB6: P | AC6: =IF(ISBLANK(AB6),0,VLOOKUP(AB6,UNITGRADES,2,FALSE)) -> 70 | AD6: P | AE6: =IF(ISBLANK(AD6),0,VLOOKUP(AD6,UNITGRADES,2,FALSE)) -> 70 | AF6: P | AG6: =IF(ISBLANK(AF6),0,VLOOKUP(AF6,UNITGRADES,2,FALSE)) -> 70 | AH6: D | AI6: =IF(ISBLANK(AH6),0,VLOOKUP(AH6,UNITGRADES,2,FALSE)) -> 90 | AJ6: M | AK6: =IF(ISBLANK(AJ6),0,VLOOKUP(AJ6,UNITGRADES,2,FALSE)) -> 80 | AL6: M | AM6: =IF(ISBLANK(AL6),0,VLOOKUP(AL6,UNITGRADES,2,FALSE)) -> 80 | AN6: P | AO6: =IF(ISBLANK(AN6),0,VLOOKUP(AN6,UNITGRADES,2,FALSE)) -> 70 | AP6: D | AQ6: =IF(ISBLANK(AP6),0,VLOOKUP(AP6,UNITGRADES,2,FALSE)) -> 90 | AR6: P | AS6: =IF(ISBLANK(AR6),0,VLOOKUP(AR6,UNITGRADES,2,FALSE)) -> 70 | AT6: =COUNTIF(H6:AR6,"p") -> 10 | AU6: =COUNTIF(H6:AR6,"m") -> 3 | AV6: =COUNTIF(H6:AR6,"d") -> 5 | AW6: =Z6+SUM(AB6:AR6) -> 1310 | AX6: =VLOOKUP(AW6,FINALGRADES,3,TRUE) -> MPP | AY6: =VLOOKUP(AW6,FINALGRADES,4,TRUE) -> 160 | AZ6: =VLOOKUP(G6,TARGETPOINTS,2,FALSE) -> 240 | BA6: =IF(AY6>AZ6,"Over",IF(AY6<AZ6,"Under","Same")) -> Under
A7: 2 | B7: 9505809 | C7: Kerr | D7: Kaia | E7: F | F7: 33054 | G7: MPP | H7: D | I7: =IF(ISBLANK(H7),0,VLOOKUP(H7,UNITGRADES,2,FALSE)) -> 90 | J7: P | K7: =IF(ISBLANK(J7),0,VLOOKUP(J7,UNITGRADES,2,FALSE)) -> 70 | L7: P | M7: =IF(ISBLANK(L7),0,VLOOKUP(L7,UNITGRADES,2,FALSE)) -> 70 | N7: P | O7: =IF(ISBLANK(N7),0,VLOOKUP(N7,UNITGRADES,2,FALSE)) -> 70 | P7: P | Q7: =IF(ISBLANK(P7),0,VLOOKUP(P7,UNITGRADES,2,FALSE)) -> 70 | R7: M | S7: =IF(ISBLANK(R7),0,VLOOKUP(R7,UNITGRADES,2,FALSE)) -> 80 | T7: M | U7: =IF(ISBLANK(T7),0,VLOOKUP(T7,UNITGRADES,2,FALSE)) -> 80 | V7: M | W7: =IF(ISBLANK(H7),0,VLOOKUP(H7,UNITGRADES,2,FALSE)) -> 90 | X7: P | Y7: =IF(ISBLANK(X7),0,VLOOKUP(X7,UNITGRADES,2,FALSE)) -> 70 | Z7: =SUM(H7:Y7) -> 690 | AA7: =VLOOKUP(Z7*2,FINALGRADES,3,TRUE) -> MMM | AB7: P | AC7: =IF(ISBLANK(AB7),0,VLOOKUP(AB7,UNITGRADES,2,FALSE)) -> 70 | AD7: M | AE7: =IF(ISBLANK(AD7),0,VLOOKUP(AD7,UNITGRADES,2,FALSE)) -> 80 | AF7: M | AG7: =IF(ISBLANK(AF7),0,VLOOKUP(AF7,UNITGRADES,2,FALSE)) -> 80 | AH7: M | AI7: =IF(ISBLANK(AH7),0,VLOOKUP(AH7,UNITGRADES,2,FALSE)) -> 80 | AJ7: M | AK7: =IF(ISBLANK(AJ7),0,VLOOKUP(AJ7,UNITGRADES,2,FALSE)) -> 80 | AL7: M | AM7: =IF(ISBLANK(AL7),0,VLOOKUP(AL7,UNITGRADES,2,FALSE)) -> 80 | AN7: M | AO7: =IF(ISBLANK(AN7),0,VLOOKUP(AN7,UNITGRADES,2,FALSE)) -> 80 | AP7: P | AQ7: =IF(ISBLANK(AP7),0,VLOOKUP(AP7,UNITGRADES,2,FALSE)) -> 70 | AR7: M | AS7: =IF(ISBLANK(AR7),0,VLOOKUP(AR7,UNITGRADES,2,FALSE)) -> 80 | AT7: =COUNTIF(H7:AR7,"p") -> 7 | AU7: =COUNTIF(H7:AR7,"m") -> 10 | AV7: =COUNTIF(H7:AR7,"d") -> 1 | AW7: =Z7+SUM(AB7:AR7) -> 1310 | AX7: =VLOOKUP(AW7,FINALGRADES,3,TRUE) -> MPP | AY7: =VLOOKUP(AW7,FINALGRADES,4,TRUE) -> 160 | AZ7: =VLOOKUP(G7,TARGETPOINTS,2,FALSE) -> 160 | BA7: =IF(AY7>AZ7,"Over",IF(AY7<AZ7,"Under","Same")) -> Same
A8: 2 | B8: 6010520 | C8: Todd | D8: Kennedi | E8: F | F8: 32989 | G8: PPP | H8: P | I8: =IF(ISBLANK(H8),0,VLOOKUP(H8,UNITGRADES,2,FALSE)) -> 70 | J8: P | K8: =IF(ISBLANK(J8),0,VLOOKUP(J8,UNITGRADES,2,FALSE)) -> 70 | L8: M | M8: =IF(ISBLANK(L8),0,VLOOKUP(L8,UNITGRADES,2,FALSE)) -> 80 | N8: D | O8: =IF(ISBLANK(N8),0,VLOOKUP(N8,UNITGRADES,2,FALSE)) -> 90 | P8: M | Q8: =IF(ISBLANK(P8),0,VLOOKUP(P8,UNITGRADES,2,FALSE)) -> 80 | R8: P | S8: =IF(ISBLANK(R8),0,VLOOKUP(R8,UNITGRADES,2,FALSE)) -> 70 | T8: D | U8: =IF(ISBLANK(T8),0,VLOOKUP(T8,UNITGRADES,2,FALSE)) -> 90 | V8: P | W8: =IF(ISBLANK(H8),0,VLOOKUP(H8,UNITGRADES,2,FALSE)) -> 70 | X8: D | Y8: =IF(ISBLANK(X8),0,VLOOKUP(X8,UNITGRADES,2,FALSE)) -> 90 | Z8: =SUM(H8:Y8) -> 710 | AA8: =VLOOKUP(Z8*2,FINALGRADES,3,TRUE) -> DMM | AB8: M | AC8: =IF(ISBLANK(AB8),0,VLOOKUP(AB8,UNITGRADES,2,FALSE)) -> 80 | AD8: P | AE8: =IF(ISBLANK(AD8),0,VLOOKUP(AD8,UNITGRADES,2,FALSE)) -> 70 | AF8: M | AG8: =IF(ISBLANK(AF8),0,VLOOKUP(AF8,UNITGRADES,2,FALSE)) -> 80 | AH8: M | AI8: =IF(ISBLANK(AH8),0,VLOOKUP(AH8,UNITGRADES,2,FALSE)) -> 80 | AJ8: P | AK8: =IF(ISBLANK(AJ8),0,VLOOKUP(AJ8,UNITGRADES,2,FALSE)) -> 70 | AL8: P | AM8: =IF(ISBLANK(AL8),0,VLOOKUP(AL8,UNITGRADES,2,FALSE)) -> 70 | AN8: M | AO8: =IF(ISBLANK(AN8),0,VLOOKUP(AN8,UNITGRADES,2,FALSE)) -> 80 | AP8: P | AQ8: =IF(ISBLANK(AP8),0,VLOOKUP(AP8,UNITGRADES,2,FALSE)) -> 70 | AR8: M | AS8: =IF(ISBLANK(AR8),0,VLOOKUP(AR8,UNITGRADES,2,FALSE)) -> 80 | AT8: =COUNTIF(H8:AR8,"p") -> 8 | AU8: =COUNTIF(H8:AR8,"m") -> 7 | AV8: =COUNTIF(H8:AR8,"d") -> 3 | AW8: =Z8+SUM(AB8:AR8) -> 1310 | AX8: =VLOOKUP(AW8,FINALGRADES,3,TRUE) -> MPP | AY8: =VLOOKUP(AW8,FINALGRADES,4,TRUE) -> 160 | AZ8: =VLOOKUP(G8,TARGETPOINTS,2,FALSE) -> 120 | BA8: =IF(AY8>AZ8,"Over",IF(AY8<AZ8,"Under","Same")) -> Over
A9: 3 | B9: 6427161 | C9: Daley | D9: Diana | E9: F | F9: 33650 | G9: PPP | H9: P | I9: =IF(ISBLANK(H9),0,VLOOKUP(H9,UNITGRADES,2,FALSE)) -> 70 | J9: D | K9: =IF(ISBLANK(J9),0,VLOOKUP(J9,UNITGRADES,2,FALSE)) -> 90 | L9: M | M9: =IF(ISBLANK(L9),0,VLOOKUP(L9,UNITGRADES,2,FALSE)) -> 80 | N9: M | O9: =IF(ISBLANK(N9),0,VLOOKUP(N9,UNITGRADES,2,FALSE)) -> 80 | P9: P | Q9: =IF(ISBLANK(P9),0,VLOOKUP(P9,UNITGRADES,2,FALSE)) -> 70 | R9: P | S9: =IF(ISBLANK(R9),0,VLOOKUP(R9,UNITGRADES,2,FALSE)) -> 70 | T9: P | U9: =IF(ISBLANK(T9),0,VLOOKUP(T9,UNITGRADES,2,FALSE)) -> 70 | V9: D | W9: =IF(ISBLANK(H9),0,VLOOKUP(H9,UNITGRADES,2,FALSE)) -> 70 | X9: D | Y9: =IF(ISBLANK(X9),0,VLOOKUP(X9,UNITGRADES,2,FALSE)) -> 90 | Z9: =SUM(H9:Y9) -> 690 | AA9: =VLOOKUP(Z9*2,FINALGRADES,3,TRUE) -> MMM | AB9: D | AC9: =IF(ISBLANK(AB9),0,VLOOKUP(AB9,UNITGRADES,2,FALSE)) -> 90 | AD9: M | AE9: =IF(ISBLANK(AD9),0,VLOOKUP(AD9,UNITGRADES,2,FALSE)) -> 80 | AF9: D | AG9: =IF(ISBLANK(AF9),0,VLOOKUP(AF9,UNITGRADES,2,FALSE)) -> 90 | AH9: M | AI9: =IF(ISBLANK(AH9),0,VLOOKUP(AH9,UNITGRADES,2,FALSE)) -> 80 | AJ9: P | AK9: =IF(ISBLANK(AJ9),0,VLOOKUP(AJ9,UNITGRADES,2,FALSE)) -> 70 | AL9: P | AM9: =IF(ISBLANK(AL9),0,VLOOKUP(AL9,UNITGRADES,2,FALSE)) -> 70 | AN9: P | AO9: =IF(ISBLANK(AN9),0,VLOOKUP(AN9,UNITGRADES,2,FALSE)) -> 70 | AP9: P | AQ9: =IF(ISBLANK(AP9),0,VLOOKUP(AP9,UNITGRADES,2,FALSE)) -> 70 | AR9: P | AS9: =IF(ISBLANK(AR9),0,VLOOKUP(AR9,UNITGRADES,2,FALSE)) -> 70 | AT9: =COUNTIF(H9:AR9,"p") -> 9 | AU9: =COUNTIF(H9:AR9,"m") -> 4 | AV9: =COUNTIF(H9:AR9,"d") -> 5 | AW9: =Z9+SUM(AB9:AR9) -> 1310 | AX9: =VLOOKUP(AW9,FINALGRADES,3,TRUE) -> MPP | AY9: =VLOOKUP(AW9,FINALGRADES,4,TRUE) -> 160 | AZ9: =VLOOKUP(G9,TARGETPOINTS,2,FALSE) -> 120 | BA9: =IF(AY9>AZ9,"Over",IF(AY9<AZ9,"Under","Same")) -> Over
A10: 4 | B10: 6179448 | C10: Maher | D10: Daphne | E10: F | F10: 34142 | G10: MMM | H10: M | I10: =IF(ISBLANK(H10),0,VLOOKUP(H10,UNITGRADES,2,FALSE)) -> 80 | J10: M | K10: =IF(ISBLANK(J10),0,VLOOKUP(J10,UNITGRADES,2,FALSE)) -> 80 | L10: M | M10: =IF(ISBLANK(L10),0,VLOOKUP(L10,UNITGRADES,2,FALSE)) -> 80 | N10: P | O10: =IF(ISBLANK(N10),0,VLOOKUP(N10,UNITGRADES,2,FALSE)) -> 70 | P10: P | Q10: =IF(ISBLANK(P10),0,VLOOKUP(P10,UNITGRADES,2,FALSE)) -> 70 | R10: P | S10: =IF(ISBLANK(R10),0,VLOOKUP(R10,UNITGRADES,2,FALSE)) -> 70 | T10: D | U10: =IF(ISBLANK(T10),0,VLOOKUP(T10,UNITGRADES,2,FALSE)) -> 90 | V10: D | W10: =IF(ISBLANK(H10),0,VLOOKUP(H10,UNITGRADES,2,FALSE)) -> 80 | X10: P | Y10: =IF(ISBLANK(X10),0,VLOOKUP(X10,UNITGRADES,2,FALSE)) -> 70 | Z10: =SUM(H10:Y10) -> 690 | AA10: =VLOOKUP(Z10*2,FINALGRADES,3,TRUE) -> MMM | AB10: P | AC10: =IF(ISBLANK(AB10),0,VLOOKUP(AB10,UNITGRADES,2,FALSE)) -> 70 | AD10: D | AE10: =IF(ISBLANK(AD10),0,VLOOKUP(AD10,UNITGRADES,2,FALSE)) -> 90 | AF10: M | AG10: =IF(ISBLANK(AF10),0,VLOOKUP(AF10,UNITGRADES,2,FALSE)) -> 80 | AH10: M | AI10: =IF(ISBLANK(AH10),0,VLOOKUP(AH10,UNITGRADES,2,FALSE)) -> 80 | AJ10: P | AK10: =IF(ISBLANK(AJ10),0,VLOOKUP(AJ10,UNITGRADES,2,FALSE)) -> 70 | AL10: M | AM10: =IF(ISBLANK(AL10),0,VLOOKUP(AL10,UNITGRADES,2,FALSE)) -> 80 | AN10: D | AO10: =IF(ISBLANK(AN10),0,VLOOKUP(AN10,UNITGRADES,2,FALSE)) -> 90 | AP10: P | AQ10: =IF(ISBLANK(AP10),0,VLOOKUP(AP10,UNITGRADES,2,FALSE)) -> 70 | AR10: M | AS10: =IF(ISBLANK(AR10),0,VLOOKUP(AR10,UNITGRADES,2,FALSE)) -> 80 | AT10: =COUNTIF(H10:AR10,"p") -> 7 | AU10: =COUNTIF(H10:AR10,"m") -> 7 | AV10: =COUNTIF(H10:AR10,"d") -> 4 | AW10: =Z10+SUM(AB10:AR10) -> 1320 | AX10: =VLOOKUP(AW10,FINALGRADES,3,TRUE) -> MPP | AY10: =VLOOKUP(AW10,FINALGRADES,4,TRUE) -> 160 | AZ10: =VLOOKUP(G10,TARGETPOINTS,2,FALSE) -> 240 | BA10: =IF(AY10>AZ10,"Over",IF(AY10<AZ10,"Under","Same")) -> Under
A11: 1 | B11: 9816746 | C11: Putnam | D11: Katerina | E11: F | F11: 33700 | G11: DDD | H11: M | I11: =IF(ISBLANK(H11),0,VLOOKUP(H11,UNITGRADES,2,FALSE)) -> 80 | J11: P | K11: =IF(ISBLANK(J11),0,VLOOKUP(J11,UNITGRADES,2,FALSE)) -> 70 | L11: M | M11: =IF(ISBLANK(L11),0,VLOOKUP(L11,UNITGRADES,2,FALSE)) -> 80 | N11: P | O11: =IF(ISBLANK(N11),0,VLOOKUP(N11,UNITGRADES,2,FALSE)) -> 70 | P11: M | Q11: =IF(ISBLANK(P11),0,VLOOKUP(P11,UNITGRADES,2,FALSE)) -> 80 | R11: P | S11: =IF(ISBLANK(R11),0,VLOOKUP(R11,UNITGRADES,2,FALSE)) -> 70 | T11: M | U11: =IF(ISBLANK(T11),0,VLOOKUP(T11,UNITGRADES,2,FALSE)) -> 80 | V11: D | W11: =IF(ISBLANK(H11),0,VLOOKUP(H11,UNITGRADES,2,FALSE)) -> 80 | X11: P | Y11: =IF(ISBLANK(X11),0,VLOOKUP(X11,UNITGRADES,2,FALSE)) -> 70 | Z11: =SUM(H11:Y11) -> 680 | AA11: =VLOOKUP(Z11*2,FINALGRADES,3,TRUE) -> MMP | AB11: M | AC11: =IF(ISBLANK(AB11),0,VLOOKUP(AB11,UNITGRADES,2,FALSE)) -> 80 | AD11: D | AE11: =IF(ISBLANK(AD11),0,VLOOKUP(AD11,UNITGRADES,2,FALSE)) -> 90 | AF11: M | AG11: =IF(ISBLANK(AF11),0,VLOOKUP(AF11,UNITGRADES,2,FALSE)) -> 80 | AH11: D | AI11: =IF(ISBLANK(AH11),0,VLOOKUP(AH11,UNITGRADES,2,FALSE)) -> 90 | AJ11: M | AK11: =IF(ISBLANK(AJ11),0,VLOOKUP(AJ11,UNITGRADES,2,FALSE)) -> 80 | AL11: P | AM11: =IF(ISBLANK(AL11),0,VLOOKUP(AL11,UNITGRADES,2,FALSE)) -> 70 | AN11: P | AO11: =IF(ISBLANK(AN11),0,VLOOKUP(AN11,UNITGRADES,2,FALSE)) -> 70 | AP11: D | AQ11: =IF(ISBLANK(AP11),0,VLOOKUP(AP11,UNITGRADES,2,FALSE)) -> 90 | AR11: P | AS11: =IF(ISBLANK(AR11),0,VLOOKUP(AR11,UNITGRADES,2,FALSE)) -> 70 | AT11: =COUNTIF(H11:AR11,"p") -> 7 | AU11: =COUNTIF(H11:AR11,"m") -> 7 | AV11: =COUNTIF(H11:AR11,"d") -> 4 | AW11: =Z11+SUM(AB11:AR11) -> 1330 | AX11: =VLOOKUP(AW11,FINALGRADES,3,TRUE) -> MPP | AY11: =VLOOKUP(AW11,FINALGRADES,4,TRUE) -> 160 | AZ11: =VLOOKUP(G11,TARGETPOINTS,2,FALSE) -> 360 | BA11: =IF(AY11>AZ11,"Over",IF(AY11<AZ11,"Under","Same")) -> Under
A12: 3 | B12: 9117601 | C12: Fischer | D12: Victoria | E12: F | F12: 33996 | G12: PPP | H12: M | I12: =IF(ISBLANK(H12),0,VLOOKUP(H12,UNITGRADES,2,FALSE)) -> 80 | J12: M | K12: =IF(ISBLANK(J12),0,VLOOKUP(J12,UNITGRADES,2,FALSE)) -> 80 | L12: M | M12: =IF(ISBLANK(L12),0,VLOOKUP(L12,UNITGRADES,2,FALSE)) -> 80 | N12: M | O12: =IF(ISBLANK(N12),0,VLOOKUP(N12,UNITGRADES,2,FALSE)) -> 80 | P12: P | Q12: =IF(ISBLANK(P12),0,VLOOKUP(P12,UNITGRADES,2,FALSE)) -> 70 | R12: M | S12: =IF(ISBLANK(R12),0,VLOOKUP(R12,UNITGRADES,2,FALSE)) -> 80 | T12: M | U12: =IF(ISBLANK(T12),0,VLOOKUP(T12,UNITGRADES,2,FALSE)) -> 80 | V12: M | W12: =IF(ISBLANK(H12),0,VLOOKUP(H12,UNITGRADES,2,FALSE)) -> 80 | X12: M | Y12: =IF(ISBLANK(X12),0,VLOOKUP(X12,UNITGRADES,2,FALSE)) -> 80 | Z12: =SUM(H12:Y12) -> 710 | AA12: =VLOOKUP(Z12*2,FINALGRADES,3,TRUE) -> DMM | AB12: M | AC12: =IF(ISBLANK(AB12),0,VLOOKUP(AB12,UNITGRADES,2,FALSE)) -> 80 | AD12: M | AE12: =IF(ISBLANK(AD12),0,VLOOKUP(AD12,UNITGRADES,2,FALSE)) -> 80 | AF12: P | AG12: =IF(ISBLANK(AF12),0,VLOOKUP(AF12,UNITGRADES,2,FALSE)) -> 70 | AH12: M | AI12: =IF(ISBLANK(AH12),0,VLOOKUP(AH12,UNITGRADES,2,FALSE)) -> 80 | AJ12: M | AK12: =IF(ISBLANK(AJ12),0,VLOOKUP(AJ12,UNITGRADES,2,FALSE)) -> 80 | AL12: P | AM12: =IF(ISBLANK(AL12),0,VLOOKUP(AL12,UNITGRADES,2,FALSE)) -> 70 | AN12: M | AO12: =IF(ISBLANK(AN12),0,VLOOKUP(AN12,UNITGRADES,2,FALSE)) -> 80 | AP12: M | AQ12: =IF(ISBLANK(AP12),0,VLOOKUP(AP12,UNITGRADES,2,FALSE)) -> 80 | AR12: D | AS12: =IF(ISBLANK(AR12),0,VLOOKUP(AR12,UNITGRADES,2,FALSE)) -> 90 | AT12: =COUNTIF(H12:AR12,"p") -> 3 | AU12: =COUNTIF(H12:AR12,"m") -> 14 | AV12: =COUNTIF(H12:AR12,"d") -> 1 | AW12: =Z12+SUM(AB12:AR12) -> 1330 | AX12: =VLOOKUP(AW12,FINALGRADES,3,TRUE) -> MPP | AY12: =VLOOKUP(AW12,FINALGRADES,4,TRUE) -> 160 | AZ12: =VLOOKUP(G12,TARGETPOINTS,2,FALSE) -> 120 | BA12: =IF(AY12>AZ12,"Over",IF(AY12<AZ12,"Under","Same")) -> Over
A13: 4 | B13: 8782729 | C13: Bennett | D13: Annika | E13: F | F13: 34014 | G13: PPP | H13: M | I13: =IF(ISBLANK(H13),0,VLOOKUP(H13,UNITGRADES,2,FALSE)) -> 80 | J13: P | K13: =IF(ISBLANK(J13),0,VLOOKUP(J13,UNITGRADES,2,FALSE)) -> 70 | L13: D | M13: =IF(ISBLANK(L13),0,VLOOKUP(L13,UNITGRADES,2,FALSE)) -> 90 | N13: M | O13: =IF(ISBLANK(N13),0,VLOOKUP(N13,UNITGRADES,2,FALSE)) -> 80 | P13: P | Q13: =IF(ISBLANK(P13),0,VLOOKUP(P13,UNITGRADES,2,FALSE)) -> 70 | R13: P | S13: =IF(ISBLANK(R13),0,VLOOKUP(R13,UNITGRADES,2,FALSE)) -> 70 | T13: D | U13: =IF(ISBLANK(T13),0,VLOOKUP(T13,UNITGRADES,2,FALSE)) -> 90 | V13: D | W13: =IF(ISBLANK(H13),0,VLOOKUP(H13,UNITGRADES,2,FALSE)) -> 80 | X13: P | Y13: =IF(ISBLANK(X13),0,VLOOKUP(X13,UNITGRADES,2,FALSE)) -> 70 | Z13: =SUM(H13:Y13) -> 700 | AA13: =VLOOKUP(Z13*2,FINALGRADES,3,TRUE) -> MMM | AB13: D | AC13: =IF(ISBLANK(AB13),0,VLOOKUP(AB13,UNITGRADES,2,FALSE)) -> 90 | AD13: P | AE13: =IF(ISBLANK(AD13),0,VLOOKUP(AD13,UNITGRADES,2,FALSE)) -> 70 | AF13: D | AG13: =IF(ISBLANK(AF13),0,VLOOKUP(AF13,UNITGRADES,2,FALSE)) -> 90 | AH13: P | AI13: =IF(ISBLANK(AH13),0,VLOOKUP(AH13,UNITGRADES,2,FALSE)) -> 70 | AJ13: M | AK13: =IF(ISBLANK(AJ13),0,VLOOKUP(AJ13,UNITGRADES,2,FALSE)) -> 80 | AL13: P | AM13: =IF(ISBLANK(AL13),0,VLOOKUP(AL13,UNITGRADES,2,FALSE)) -> 70 | AN13: M | AO13: =IF(ISBLANK(AN13),0,VLOOKUP(AN13,UNITGRADES,2,FALSE)) -> 80 | AP13: M | AQ13: =IF(ISBLANK(AP13),0,VLOOKUP(AP13,UNITGRADES,2,FALSE)) -> 80 | AR13: M | AS13: =IF(ISBLANK(AR13),0,VLOOKUP(AR13,UNITGRADES,2,FALSE)) -> 80 | AT13: =COUNTIF(H13:AR13,"p") -> 7 | AU13: =COUNTIF(H13:AR13,"m") -> 6 | AV13: =COUNTIF(H13:AR13,"d") -> 5 | AW13: =Z13+SUM(AB13:AR13) -> 1330 | AX13: =VLOOKUP(AW13,FINALGRADES,3,TRUE) -> MPP | AY13: =VLOOKUP(AW13,FINALGRADES,4,TRUE) -> 160 | AZ13: =VLOOKUP(G13,TARGETPOINTS,2,FALSE) -> 120 | BA13: =IF(AY13>AZ13,"Over",IF(AY13<AZ13,"Under","Same")) -> Over
A14: 4 | B14: 8425437 | C14: Fitzsimmons | D14: Bailee | E14: F | F14: 33510 | G14: MMP | H14: M | I14: =IF(ISBLANK(H14),0,VLOOKUP(H14,UNITGRADES,2,FALSE)) -> 80 | J14: M | K14: =IF(ISBLANK(J14),0,VLOOKUP(J14,UNITGRADES,2,FALSE)) -> 80 | L14: P | M14: =IF(ISBLANK(L14),0,VLOOKUP(L14,UNITGRADES,2,FALSE)) -> 70 | N14: M | O14: =IF(ISBLANK(N14),0,VLOOKUP(N14,UNITGRADES,2,FALSE)) -> 80 | P14: P | Q14: =IF(ISBLANK(P14),0,VLOOKUP(P14,UNITGRADES,2,FALSE)) -> 70 | R14: M | S14: =IF(ISBLANK(R14),0,VLOOKUP(R14,UNITGRADES,2,FALSE)) -> 80 | T14: P | U14: =IF(ISBLANK(T14),0,VLOOKUP(T14,UNITGRADES,2,FALSE)) -> 70 | V14: P | W14: =IF(ISBLANK(H14),0,VLOOKUP(H14,UNITGRADES,2,FALSE)) -> 80 | X14: D | Y14: =IF(ISBLANK(X14),0,VLOOKUP(X14,UNITGRADES,2,FALSE)) -> 90 | Z14: =SUM(H14:Y14) -> 700 | AA14: =VLOOKUP(Z14*2,FINALGRADES,3,TRUE) -> MMM | AB14: D | AC14: =IF(ISBLANK(AB14),0,VLOOKUP(AB14,UNITGRADES,2,FALSE)) -> 90 | AD14: P | AE14: =IF(ISBLANK(AD14),0,VLOOKUP(AD14,UNITGRADES,2,FALSE)) -> 70 | AF14: D | AG14: =IF(ISBLANK(AF14),0,VLOOKUP(AF14,UNITGRADES,2,FALSE)) -> 90 | AH14: P | AI14: =IF(ISBLANK(AH14),0,VLOOKUP(AH14,UNITGRADES,2,FALSE)) -> 70 | AJ14: P | AK14: =IF(ISBLANK(AJ14),0,VLOOKUP(AJ14,UNITGRADES,2,FALSE)) -> 70 | AL14: D | AM14: =IF(ISBLANK(AL14),0,VLOOKUP(AL14,UNITGRADES,2,FALSE)) -> 90 | AN14: M | AO14: =IF(ISBLANK(AN14),0,VLOOKUP(AN14,UNITGRADES,2,FALSE)) -> 80 | AP14: P | AQ14: =IF(ISBLANK(AP14),0,VLOOKUP(AP14,UNITGRADES,2,FALSE)) -> 70 | AR14: D | AS14: =IF(ISBLANK(AR14),0,VLOOKUP(AR14,UNITGRADES,2,FALSE)) -> 90 | AT14: =COUNTIF(H14:AR14,"p") -> 8 | AU14: =COUNTIF(H14:AR14,"m") -> 5 | AV14: =COUNTIF(H14:AR14,"d") -> 5 | AW14: =Z14+SUM(AB14:AR14) -> 1330 | AX14: =VLOOKUP(AW14,FINALGRADES,3,TRUE) -> MPP | AY14: =VLOOKUP(AW14,FINALGRADES,4,TRUE) -> 160 | AZ14: =VLOOKUP(G14,TARGETPOINTS,2,FALSE) -> 200 | BA14: =IF(AY14>AZ14,"Over",IF(AY14<AZ14,"Under","Same")) -> Under
A15: 1 | B15: 6412458 | C15: Akram | D15: Meagan | E15: F | F15: 33834 | G15: MMM | H15: M | I15: =IF(ISBLANK(H15),0,VLOOKUP(H15,UNITGRADES,2,FALSE)) -> 80 | J15: M | K15: =IF(ISBLANK(J15),0,VLOOKUP(J15,UNITGRADES,2,FALSE)) -> 80 | L15: P | M15: =IF(ISBLANK(L15),0,VLOOKUP(L15,UNITGRADES,2,FALSE)) -> 70 | N15: P | O15: =IF(ISBLANK(N15),0,VLOOKUP(N15,UNITGRADES,2,FALSE)) -> 70 | P15: M | Q15: =IF(ISBLANK(P15),0,VLOOKUP(P15,UNITGRADES,2,FALSE)) -> 80 | R15: M | S15: =IF(ISBLANK(R15),0,VLOOKUP(R15,UNITGRADES,2,FALSE)) -> 80 | T15: M | U15: =IF(ISBLANK(T15),0,VLOOKUP(T15,UNITGRADES,2,FALSE)) -> 80 | V15: M | W15: =IF(ISBLANK(H15),0,VLOOKUP(H15,UNITGRADES,2,FALSE)) -> 80 | X15: M | Y15: =IF(ISBLANK(X15),0,VLOOKUP(X15,UNITGRADES,2,FALSE)) -> 80 | Z15: =SUM(H15:Y15) -> 700 | AA15: =VLOOKUP(Z15*2,FINALGRADES,3,TRUE) -> MMM | AB15: D | AC15: =IF(ISBLANK(AB15),0,VLOOKUP(AB15,UNITGRADES,2,FALSE)) -> 90 | AD15: D | AE15: =IF(ISBLANK(AD15),0,VLOOKUP(AD15,UNITGRADES,2,FALSE)) -> 90 | AF15: P | AG15: =IF(ISBLANK(AF15),0,VLOOKUP(AF15,UNITGRADES,2,FALSE)) -> 70 | AH15: D | AI15: =IF(ISBLANK(AH15),0,VLOOKUP(AH15,UNITGRADES,2,FALSE)) -> 90 | AJ15: D | AK15: =IF(ISBLANK(AJ15),0,VLOOKUP(AJ15,UNITGRADES,2,FALSE)) -> 90 | AL15: P | AM15: =IF(ISBLANK(AL15),0,VLOOKUP(AL15,UNITGRADES,2,FALSE)) -> 70 | AN15: P | AO15: =IF(ISBLANK(AN15),0,VLOOKUP(AN15,UNITGRADES,2,FALSE)) -> 70 | AP15: P | AQ15: =IF(ISBLANK(AP15),0,VLOOKUP(AP15,UNITGRADES,2,FALSE)) -> 70 | AR15: M | AS15: =IF(ISBLANK(AR15),0,VLOOKUP(AR15,UNITGRADES,2,FALSE)) -> 80 | AT15: =COUNTIF(H15:AR15,"p") -> 6 | AU15: =COUNTIF(H15:AR15,"m") -> 8 | AV15: =COUNTIF(H15:AR15,"d") -> 4 | AW15: =Z15+SUM(AB15:AR15) -> 1340 | AX15: =VLOOKUP(AW15,FINALGRADES,3,TRUE) -> MMP | AY15: =VLOOKUP(AW15,FINALGRADES,4,TRUE) -> 200 | AZ15: =VLOOKUP(G15,TARGETPOINTS,2,FALSE) -> 240 | BA15: =IF(AY15>AZ15,"Over",IF(AY15<AZ15,"Under","Same")) -> Under
A16: 1 | B16: 8295409 | C16: Glass | D16: Karla | E16: F | F16: 33683 | G16: DDD | H16: P | I16: =IF(ISBLANK(H16),0,VLOOKUP(H16,UNITGRADES,2,FALSE)) -> 70 | J16: M | K16: =IF(ISBLANK(J16),0,VLOOKUP(J16,UNITGRADES,2,FALSE)) -> 80 | L16: M | M16: =IF(ISBLANK(L16),0,VLOOKUP(L16,UNITGRADES,2,FALSE)) -> 80 | N16: M | O16: =IF(ISBLANK(N16),0,VLOOKUP(N16,UNITGRADES,2,FALSE)) -> 80 | P16: P | Q16: =IF(ISBLANK(P16),0,VLOOKUP(P16,UNITGRADES,2,FALSE)) -> 70 | R16: P | S16: =IF(ISBLANK(R16),0,VLOOKUP(R16,UNITGRADES,2,FALSE)) -> 70 | T16: M | U16: =IF(ISBLANK(T16),0,VLOOKUP(T16,UNITGRADES,2,FALSE)) -> 80 | V16: P | W16: =IF(ISBLANK(H16),0,VLOOKUP(H16,UNITGRADES,2,FALSE)) -> 70 | X16: D | Y16: =IF(ISBLANK(X16),0,VLOOKUP(X16,UNITGRADES,2,FALSE)) -> 90 | Z16: =SUM(H16:Y16) -> 690 | AA16: =VLOOKUP(Z16*2,FINALGRADES,3,TRUE) -> MMM | AB16: P | AC16: =IF(ISBLANK(AB16),0,VLOOKUP(AB16,UNITGRADES,2,FALSE)) -> 70 | AD16: M | AE16: =IF(ISBLANK(AD16),0,VLOOKUP(AD16,UNITGRADES,2,FALSE)) -> 80 | AF16: D | AG16: =IF(ISBLANK(AF16),0,VLOOKUP(AF16,UNITGRADES,2,FALSE)) -> 90 | AH16: P | AI16: =IF(ISBLANK(AH16),0,VLOOKUP(AH16,UNITGRADES,2,FALSE)) -> 70 | AJ16: D | AK16: =IF(ISBLANK(AJ16),0,VLOOKUP(AJ16,UNITGRADES,2,FALSE)) -> 90 | AL16: D | AM16: =IF(ISBLANK(AL16),0,VLOOKUP(AL16,UNITGRADES,2,FALSE)) -> 90 | AN16: M | AO16: =IF(ISBLANK(AN16),0,VLOOKUP(AN16,UNITGRADES,2,FALSE)) -> 80 | AP16: M | AQ16: =IF(ISBLANK(AP16),0,VLOOKUP(AP16,UNITGRADES,2,FALSE)) -> 80 | AR16: D | AS16: =IF(ISBLANK(AR16),0,VLOOKUP(AR16,UNITGRADES,2,FALSE)) -> 90 | AT16: =COUNTIF(H16:AR16,"p") -> 6 | AU16: =COUNTIF(H16:AR16,"m") -> 7 | AV16: =COUNTIF(H16:AR16,"d") -> 5 | AW16: =Z16+SUM(AB16:AR16) -> 1340 | AX16: =VLOOKUP(AW16,FINALGRADES,3,TRUE) -> MMP | AY16: =VLOOKUP(AW16,FINALGRADES,4,TRUE) -> 200 | AZ16: =VLOOKUP(G16,TARGETPOINTS,2,FALSE) -> 360 | BA16: =IF(AY16>AZ16,"Over",IF(AY16<AZ16,"Under","Same")) -> Under
... A103: 1 | B103: 7794718 | C103: Koenig | D103: Rene | E103: M | F103: 33266 | G103: MMM | H103: D | I103: =IF(ISBLANK(H103),0,VLOOKUP(H103,UNITGRADES,2,FALSE)) -> 90 | J103: D | K103: =IF(ISBLANK(J103),0,VLOOKUP(J103,UNITGRADES,2,FALSE)) -> 90 | L103: D | M103: =IF(ISBLANK(L103),0,VLOOKUP(L103,UNITGRADES,2,FALSE)) -> 90 | N103: M | O103: =IF(ISBLANK(N103),0,VLOOKUP(N103,UNITGRADES,2,FALSE)) -> 80 | P103: D | Q103: =IF(ISBLANK(P103),0,VLOOKUP(P103,UNITGRADES,2,FALSE)) -> 90 | R103: D | S103: =IF(ISBLANK(R103),0,VLOOKUP(R103,UNITGRADES,2,FALSE)) -> 90 | T103: D | U103: =IF(ISBLANK(T103),0,VLOOKUP(T103,UNITGRADES,2,FALSE)) -> 90 | V103: M | W103: =IF(ISBLANK(H103),0,VLOOKUP(H103,UNITGRADES,2,FALSE)) -> 90 | X103: D | Y103: =IF(ISBLANK(X103),0,VLOOKUP(X103,UNITGRADES,2,FALSE)) -> 90 | Z103: =SUM(H103:Y103) -> 800 | AA103: =VLOOKUP(Z103*2,FINALGRADES,3,TRUE) -> D*D*D* | AB103: M | AC103: =IF(ISBLANK(AB103),0,VLOOKUP(AB103,UNITGRADES,2,FALSE)) -> 80 | AD103: D | AE103: =IF(ISBLANK(AD103),0,VLOOKUP(AD103,UNITGRADES,2,FALSE)) -> 90 | AF103: D | AG103: =IF(ISBLANK(AF103),0,VLOOKUP(AF103,UNITGRADES,2,FALSE)) -> 90 | AH103: M | AI103: =IF(ISBLANK(AH103),0,VLOOKUP(AH103,UNITGRADES,2,FALSE)) -> 80 | AJ103: M | AK103: =IF(ISBLANK(AJ103),0,VLOOKUP(AJ103,UNITGRADES,2,FALSE)) -> 80 | AL103: M | AM103: =IF(ISBLANK(AL103),0,VLOOKUP(AL103,UNITGRADES,2,FALSE)) -> 80 | AN103: M | AO103: =IF(ISBLANK(AN103),0,VLOOKUP(AN103,UNITGRADES,2,FALSE)) -> 80 | AP103: M | AQ103: =IF(ISBLANK(AP103),0,VLOOKUP(AP103,UNITGRADES,2,FALSE)) -> 80 | AR103: M | AS103: =IF(ISBLANK(AR103),0,VLOOKUP(AR103,UNITGRADES,2,FALSE)) -> 80 | AT103: =COUNTIF(H103:AR103,"p") -> 0 | AU103: =COUNTIF(H103:AR103,"m") -> 9 | AV103: =COUNTIF(H103:AR103,"d") -> 9 | AW103: =Z103+SUM(AB103:AR103) -> 1460 | AX103: =VLOOKUP(AW103,FINALGRADES,3,TRUE) -> DDM | AY103: =VLOOKUP(AW103,FINALGRADES,4,TRUE) -> 320 | AZ103: =VLOOKUP(G103,TARGETPOINTS,2,FALSE) -> 240 | BA103: =IF(AY103>AZ103,"Over",IF(AY103<AZ103,"Under","Same")) -> Over

Sheet LOOKUP TABLES
A2: First Year Units | E2: UNIT POINTS | H2: EXTENDED DIPLOMA GRADES
A3: UNIT NO | B3: UNIT TITLE | C3: ABBREVIATION | E3: GRADE | F3: POINTS | H3: FROM | I3: TO | J3: ACTUAL GRADE | K3: UCAS POINTS
A4: 1 | B4: Communication and Employability Skills for IT | C4: CESIT | E4: D | F4: 90 | H4: 1260 | I4: 1299 | J4: PPP | K4: 120
A5: 2 | B5: Computer Systems | C5: CS | E5: M | F5: 80 | H5: 1300 | I5: 1339 | J5: MPP | K5: 160
A6: 6 | B6: Software Design and Development | C6: SDD | E6: P | F6: 70 | H6: 1340 | I6: 1379 | J6: MMP | K6: 200
A7: 14 | B7: Event Driven Programming | C7: EDP | E7: U | F7: 0 | H7: 1380 | I7: 1419 | J7: MMM | K7: 240
A8: 18 | B8: Database Design | C8: DBD | H8: 1420 | I8: 1459 | J8: DMM | K8: 280
A9: 21 | B9: Data Analysis and Design | C9: DAD | H9: 1460 | I9: 1499 | J9: DDM | K9: 320
A10: 22 | B10: Developing Computer Games | C10: DCG | H10: 1500 | I10: 1529 | J10: DDD | K10: 360
A11: 29 | B11: Installing and Upgrading Software | C11: IUS | H11: 1530 | I11: 1559 | J11: DDD* | K11: 380
A12: 40 | B12: Computer Game Design | C12: CGD | H12: 1560 | I12: 1589 | J12: DD*D* | K12: 400
H13: 1590 | I13: above | J13: D*D*D* | K13: 420
B14: SECOND YEAR UNITS
A15: UNIT NO | B15: UNIT TITLE | C15: ABBREVIATION
A16: 3 | B16: Information Systems | C16: IS
A17: 30 | B17: Graphics | C17: GR
A18: 8 | B18: e-Commerce | C18: eCOM
A19: 31 | B19: Animation | C19: ANI
A20: 42 | B20: Spreadsheet Modelling | C20: SSM
A21: 20 | B21: Client Side Customisation of Web Pages | C21: CSC
A22: 28 | B22: Website Production | C22: WSP
A23: 23 | B23: Human Computer Interaction | C23: HCI
A24: 43 | B24: Multimedia Design | C24: MD

Sheet ANALYSIS
B3: Grades | C3: Total scores | Q3: RESULT | R3: COUNTIF
B5: PPP | C5: =COUNTIF('BTEC PROGRESS MONITORING'!$AX$4:'BTEC PROGRESS MONITORING'!$AX$103,"PPP") -> 1 | Q5: Better | R5: =COUNTIF('BTEC PROGRESS MONITORING'!$BA$4:'BTEC PROGRESS MONITORING'!$BA$103,"OVER") -> 31
B6: MPP | C6: =COUNTIF('BTEC PROGRESS MONITORING'!$AX$4:'BTEC PROGRESS MONITORING'!$AX$103,"MPP") -> 18 | Q6: Worse | R6: =COUNTIF('BTEC PROGRESS MONITORING'!$BA$4:'BTEC PROGRESS MONITORING'!$BA$103,"UNDER") -> 52
B7: MMP | C7: =COUNTIF('BTEC PROGRESS MONITORING'!$AX$4:'BTEC PROGRESS MONITORING'!$AX$103,"MMP") -> 47 | Q7: Same | R7: =COUNTIF('BTEC PROGRESS MONITORING'!$BA$4:'BTEC PROGRESS MONITORING'!$BA$103,"SAME") -> 17
B8: MMM | C8: =COUNTIF('BTEC PROGRESS MONITORING'!$AX$4:'BTEC PROGRESS MONITORING'!$AX$103,"MMM") -> 28
B9: DMM | C9: =COUNTIF('BTEC PROGRESS MONITORING'!$AX$4:'BTEC PROGRESS MONITORING'!$AX$103,"DMM") -> 5
B10: DDM | C10: =COUNTIF('BTEC PROGRESS MONITORING'!$AX$4:'BTEC PROGRESS MONITORING'!$AX$103,"DDM") -> 1
B11: DDD | C11: =COUNTIF('BTEC PROGRESS MONITORING'!$AX$4:'BTEC PROGRESS MONITORING'!$AX$103,"DDD") -> 0
B12: DDD* | C12: =COUNTIF('BTEC PROGRESS MONITORING'!$AX$4:'BTEC PROGRESS MONITORING'!$AX$103,"DDD~*") -> 0
B13: DD*D* | C13: =COUNTIF('BTEC PROGRESS MONITORING'!$AX$4:'BTEC PROGRESS MONITORING'!$AX$103,"DD~*D~*") -> 0
B14: D*D*D* | C14: =COUNTIF('BTEC PROGRESS MONITORING'!$AX$4:'BTEC PROGRESS MONITORING'!$AX$103,"D~*D~*D~*") -> 0
C33: F | E33: M | G33: Total SUM of Overall | H33: Total AVERAGE of Overall
C34: SUM of Overall | D34: AVERAGE of Overall | E34: SUM of Overall | F34: AVERAGE of Overall
B35: 1 | C35: 12280 | D35: 1364.4444 | E35: 13700 | F35: 1370 | G35: 25980 | H35: 1367.3684
B36: 2 | C36: 13530 | D36: 1353 | E36: 17830 | F36: 1371.5385 | G36: 31360 | H36: 1363.4783
B37: 3 | C37: 20630 | D37: 1375.3333 | E37: 25790 | F37: 1357.3684 | G37: 46420 | H37: 1365.2941
B38: 4 | C38: 16320 | D38: 1360 | E38: 16250 | F38: 1354.1667 | G38: 32570 | H38: 1357.0833
B39: Grand Total | C39: 62760 | D39: 1364.3478 | E39: 73570 | F39: 1362.4074 | G39: 136330 | H39: 1363.3
